################Inventions_colorcoding_mobilisation_size_(§R);;;;;;;;;;;;;;x,,,,,,,,,,,,,,
mobilisation_size;§RMobilisation Size;;;;;;;;;;;;;;x,,,,,,,,,,,,,,
railroad_transport_groups;§RRailroad Transport Groups;;;;;;;;;;;;;;x,,,,,,,,,,,,,,
staff_command_support;§RStaff Command Support;;;;;;;;;;;;;;x,,,,,,,,,,,,,,
mobilization_time_tables;§RMobilization Time Tables;;;;;;;;;;;;;;x,,,,,,,,,,,,,,
personnel_category_tables;§RPersonnel Category Tables;;;;;;;;;;;;;;x,,,,,,,,,,,,,,
total_war_mobilisation;§RTotal War Mobilisation;;;;;;;;;;;;;;x,,,,,,,,,,,,,,
improved_railroad_mobilisation_timetables;§RImproved Railroad Mobilisation Timetables;;;;;;;;;;;;;;x,,,,,,,,,,,,,,
railroad_mobilisation_timetables;§RRailroad Mobilisation Timetables;;;;;;;;;;;;;;x,,,,,,,,,,,,,,
levee_en_masse;§RLevée en Masse;;;;;;;;;;;;;;x,,,,,,,,,,,,,,
################Inventions_colorcoding_RGO_boost(§B);;;;;;;;;;;;;;x,,,,,,,,,,,,,,
tractors;§BTractors;;;;;;;;;;;;;;x,,,,,,,,,,,,,,
machine_tools;§BMachine Tools;;;;;;;;;;;;;;x,,,,,,,,,,,,,,
nitroglycerin;§BNitroglycerin;;;;;;;;;;;;;;x,,,,,,,,,,,,,,
electrical_lighting;§BElectrical Lighting;;;;;;;;;;;;;;x,,,,,,,,,,,,,,
distribution_channels;§BDistribution Channels;;;;;;;;;;;;;;x,,,,,,,,,,,,,,
papua_actcom_title;Enact Papua Act;;;;;;;;;;;;;x;;;;;;;;;;;,,,,,,,,,,,,,,
papua_actcom_desc;Interest in the island of New Guinea by the British settlers in Australia began by the mid-nineteenth century. British traders established a port and settlement at Port Moresby in 1875. The Colony of Queensland subsequently issued an unrecognized annexation proclamation. One of the early acts of the newly formed federation of Australia was to pass legislation transferring the southern parts of New Guinea to direct Australian Rule. Port Moresby became the administrative capital.;;;;;;;;;;;;;x;;;;;;;;;;;,,,,,,,,,,,,,,
cavours_diplomacyita_title;Cavour's Diplomacy;La diplomatie de Cavour;Cavours Diplomatie;;Diplomacia de Cavour;;;;;;;;;x;,,,,,,,,,,,,,,
cavours_diplomacyita_desc;Camillo Paolo Filippo Giulio Benso, Count of Cavour, Prime Minister of The Kingdom of Sardinia, was a leading figure in the movement for Italian Unification, and his personal efforts at diplomacy are often credited with securing the support of Napoleon III's France against Austria in the Second Italian War of Independence.;Camillo Paolo Filippo Giulio Benso, comte de Cavour, premier ministre du Royaume de Sardaigne, fut une figure marquante du mouvement pour une Italie unifiée. Il joua un rôle diplomatique déterminant dans le soutien de la France de Napoléon III contre l'Autriche lors de la seconde guerre d'indépendance italienne.;Camillo Paolo Filippo Giulio Benso, Graf von Cavour, Premierminister des Königreichs Sardinien, war ein führender Kopf der italienischen Vereinigungsbewegung. Hinsichtlich seiner persönlichen diplomatischen Errungenschaften wird oft erwähnt, dass er Italien im zweiten italienischen Unabhängigkeitskrieg gegen Österreich die Unterstützung von Frankreich unter Napoleon III. sicherte.;;Camillo Benso, Conde de Cavour, primer ministro del reino de Cerdeña fue una figura destacada del movimiento por la unificación de Italia, y a sus esfuerzos personales en diplomacia se le suelen atribuir el haber conseguido el apoyo de la Francia de Napoleón III contra Austria en la Segunda Guerra de Independencia Italiana.;;;;;;;;;x;
diplomacy_points_title;Diplomacy Points;;;;;;;;;;;;;x;;;;;;;;;;;,,,,,,,,,,,,,,
diplomacy_points_desc;Grants a modifer that replenishes the highest possible amount of diplo points per month (Only on month ticks);;;;;;;;;;;;;x;;;;;;;;;;;,,,,,,,,,,,,,,
killswitch_inflation_system_title;Killswitch Inflation System;;;;;;;;;;;;;x;;;;;;;;;;;,,,,,,,,,,,,,,
killswitch_inflation_system_desc;Triggers a killswitch for the deflation mechanic;;;;;;;;;;;;;x;;;;;;;;;;;,,,,,,,,,,,,,,
diplomacy_points;Diplomacy Points;;;;;;;;;;;;;x;;;;;;;;;;;,,,,,,,,,,,,,,
PRU_575;Nordrhein;;;;;;;;;;;;;;;;;;;;;;;;;;;,,,,,,,,,,,,,,
form_germany_austria_title;Three Hurrahs For Germany! @GER;;;;;;;;;;;;;;;;;;;;;;;;x;;;;,,,,,,,,,,,,,,
form_germany_austria_desc;By controlling directly or indirectly the manifold principalities duchies and free cities that make up the German Nation we can unite our people into one singular nation state. Three Hurrahs for the German Empire!;;;;;;;;;;;;;;;;;;;;;;;x;;;;,,,,,,,,,,,,,,
custom_national_focus;§GCustom National Focus Unlock;;;;;;;;;;;;;;;;;;;;x,,,,,,,,,,,,,,
custom_national_focus_desc;§GCustom National Focus Unlock;;;;;;;;;;;;;;;;;;;;x,,,,,,,,,,,,,,
################China treatyports;;;;;;;;;;;;;;x,,,,,,,,,,,,,,
BEI_ADJ;Chinese;Chinese;Chinese;;;;;;;;;;;x;,,,,,,,,,,,,,,
BEI;Guangzhouwan Economic Area;Guangzhouwan Economic Area;Guangzhouwan Economic Area;;;;;;;;;;;x;,,,,,,,,,,,,,,
BEI_proletarian_dictatorship;Guangzhouwan Economic Area;Guangzhouwan Economic Area;Guangzhouwan Economic Area;;;;;;;;;;;x;,,,,,,,,,,,,,,
BEI_presidential_dictatorship;Guangzhouwan Economic Area;Guangzhouwan Economic Area;Guangzhouwan Economic Area;;;;;;;;;;;x;,,,,,,,,,,,,,,
BEI_bourgeois_dictatorship;Guangzhouwan Economic Area;Guangzhouwan Economic Area;Guangzhouwan Economic Area;;;;;;;;;;;x;,,,,,,,,,,,,,,
BEI_fascist_dictatorship;Guangzhouwan Economic Area;Guangzhouwan Economic Area;Guangzhouwan Economic Area;;;;;;;;;;;x;,,,,,,,,,,,,,,
BEI_absolute_monarchy;Guangzhouwan Economic Area;Guangzhouwan Economic Area;Guangzhouwan Economic Area;;;;;;;;;;;x;,,,,,,,,,,,,,,
BEI_prussian_constitutionalism;Guangzhouwan Economic Area;Guangzhouwan Economic Area;Guangzhouwan Economic Area;;;;;;;;;;;x;,,,,,,,,,,,,,,
BEI_hms_government;Guangzhouwan Economic Area;Guangzhouwan Economic Area;Guangzhouwan Economic Area;;;;;;;;;;;x;,,,,,,,,,,,,,,
BEI_democracy;Guangzhouwan Economic Area;Guangzhouwan Economic Area;Guangzhouwan Economic Area;;;;;;;;;;;x;,,,,,,,,,,,,,,
BEI_conservative_92;Conservatives;Conservatives;Conservatives;;;;;;;;;;;x;,,,,,,,,,,,,,,
BEI_liberal_79;Liberals;Liberals;Liberals;;;;;;;;;;;x;,,,,,,,,,,,,,,
BEI_liberal_87;National Liberals;National Liberals;National Liberals;;;;;;;;;;;x;,,,,,,,,,,,,,,
BEI_socialist_84;Socialists;Socialists;Socialists;;;;;;;;;;;x;,,,,,,,,,,,,,,
BEI_socialist_98;National Socialists;National Socialists;National Socialists;;;;;;;;;;;x;,,,,,,,,,,,,,,
BEI_reactionary_83;Monarchy Leadership;Monarchy Leadership;Monarchy Leadership;;;;;;;;;;;x;,,,,,,,,,,,,,,
BEI_anarcho_liberal_93;Radical Liberals;Radical Liberals;Radical Liberals;;;;;;;;;;;x;,,,,,,,,,,,,,,
BEI_communist_86;Communists;Communists;Communists;;;;;;;;;;;x;,,,,,,,,,,,,,,
BEI_fascist_71;Fascists;Fascists;Fascists;;;;;;;;;;;x;,,,,,,,,,,,,,,
FUZ_ADJ;Chinese;Chinese;Chinese;;;;;;;;;;;x;,,,,,,,,,,,,,,
FUZ;Fuzhou Economic Area;Fuzhou Economic Area;Fuzhou Economic Area;;;;;;;;;;;x;,,,,,,,,,,,,,,
FUZ_proletarian_dictatorship;Fuzhou Economic Area;Fuzhou Economic Area;Fuzhou Economic Area;;;;;;;;;;;x;,,,,,,,,,,,,,,
FUZ_presidential_dictatorship;Fuzhou Economic Area;Fuzhou Economic Area;Fuzhou Economic Area;;;;;;;;;;;x;,,,,,,,,,,,,,,
FUZ_bourgeois_dictatorship;Fuzhou Economic Area;Fuzhou Economic Area;Fuzhou Economic Area;;;;;;;;;;;x;,,,,,,,,,,,,,,
FUZ_fascist_dictatorship;Fuzhou Economic Area;Fuzhou Economic Area;Fuzhou Economic Area;;;;;;;;;;;x;,,,,,,,,,,,,,,
FUZ_absolute_monarchy;Fuzhou Economic Area;Fuzhou Economic Area;Fuzhou Economic Area;;;;;;;;;;;x;,,,,,,,,,,,,,,
FUZ_prussian_constitutionalism;Fuzhou Economic Area;Fuzhou Economic Area;Fuzhou Economic Area;;;;;;;;;;;x;,,,,,,,,,,,,,,
FUZ_hms_government;Fuzhou Economic Area;Fuzhou Economic Area;Fuzhou Economic Area;;;;;;;;;;;x;,,,,,,,,,,,,,,
FUZ_democracy;Fuzhou Economic Area;Fuzhou Economic Area;Fuzhou Economic Area;;;;;;;;;;;x;,,,,,,,,,,,,,,
FUZ_conservative_92;Conservatives;Conservatives;Conservatives;;;;;;;;;;;x;,,,,,,,,,,,,,,
FUZ_liberal_79;Liberals;Liberals;Liberals;;;;;;;;;;;x;,,,,,,,,,,,,,,
FUZ_liberal_87;National Liberals;National Liberals;National Liberals;;;;;;;;;;;x;,,,,,,,,,,,,,,
FUZ_socialist_84;Socialists;Socialists;Socialists;;;;;;;;;;;x;,,,,,,,,,,,,,,
FUZ_socialist_98;National Socialists;National Socialists;National Socialists;;;;;;;;;;;x;,,,,,,,,,,,,,,
FUZ_reactionary_83;Monarchy Leadership;Monarchy Leadership;Monarchy Leadership;;;;;;;;;;;x;,,,,,,,,,,,,,,
FUZ_anarcho_liberal_93;Radical Liberals;Radical Liberals;Radical Liberals;;;;;;;;;;;x;,,,,,,,,,,,,,,
FUZ_communist_86;Communists;Communists;Communists;;;;;;;;;;;x;,,,,,,,,,,,,,,
FUZ_fascist_71;Fascists;Fascists;Fascists;;;;;;;;;;;x;,,,,,,,,,,,,,,
HAG_ADJ;Chinese;Chinese;Chinese;;;;;;;;;;;x;,,,,,,,,,,,,,,
HAG;Jiaxing Economic Area;Jiaxing Economic Area;Jiaxing Economic Area;;;;;;;;;;;x;,,,,,,,,,,,,,,
HAG_proletarian_dictatorship;Jiaxing Economic Area;Jiaxing Economic Area;Jiaxing Economic Area;;;;;;;;;;;x;,,,,,,,,,,,,,,
HAG_presidential_dictatorship;Jiaxing Economic Area;Jiaxing Economic Area;Jiaxing Economic Area;;;;;;;;;;;x;,,,,,,,,,,,,,,
HAG_bourgeois_dictatorship;Jiaxing Economic Area;Jiaxing Economic Area;Jiaxing Economic Area;;;;;;;;;;;x;,,,,,,,,,,,,,,
HAG_fascist_dictatorship;Jiaxing Economic Area;Jiaxing Economic Area;Jiaxing Economic Area;;;;;;;;;;;x;,,,,,,,,,,,,,,
HAG_absolute_monarchy;Jiaxing Economic Area;Jiaxing Economic Area;Jiaxing Economic Area;;;;;;;;;;;x;,,,,,,,,,,,,,,
HAG_prussian_constitutionalism;Jiaxing Economic Area;Jiaxing Economic Area;Jiaxing Economic Area;;;;;;;;;;;x;,,,,,,,,,,,,,,
HAG_hms_government;Jiaxing Economic Area;Jiaxing Economic Area;Jiaxing Economic Area;;;;;;;;;;;x;,,,,,,,,,,,,,,
HAG_democracy;Jiaxing Economic Area;Jiaxing Economic Area;Jiaxing Economic Area;;;;;;;;;;;x;,,,,,,,,,,,,,,
HAG_conservative_92;Conservatives;Conservatives;Conservatives;;;;;;;;;;;x;,,,,,,,,,,,,,,
HAG_liberal_79;Liberals;Liberals;Liberals;;;;;;;;;;;x;,,,,,,,,,,,,,,
HAG_liberal_87;National Liberals;National Liberals;National Liberals;;;;;;;;;;;x;,,,,,,,,,,,,,,
HAG_socialist_84;Socialists;Socialists;Socialists;;;;;;;;;;;x;,,,,,,,,,,,,,,
HAG_socialist_98;National Socialists;National Socialists;National Socialists;;;;;;;;;;;x;,,,,,,,,,,,,,,
HAG_reactionary_83;Monarchy Leadership;Monarchy Leadership;Monarchy Leadership;;;;;;;;;;;x;,,,,,,,,,,,,,,
HAG_anarcho_liberal_93;Radical Liberals;Radical Liberals;Radical Liberals;;;;;;;;;;;x;,,,,,,,,,,,,,,
HAG_communist_86;Communists;Communists;Communists;;;;;;;;;;;x;,,,,,,,,,,,,,,
HAG_fascist_71;Fascists;Fascists;Fascists;;;;;;;;;;;x;,,,,,,,,,,,,,,
HOG_ADJ;Chinese;Chinese;Chinese;;;;;;;;;;;x;,,,,,,,,,,,,,,
HOG;Hong Kong Economic Area;Hong Kong Economic Area;Hong Kong Economic Area;;;;;;;;;;;x;,,,,,,,,,,,,,,
HOG_proletarian_dictatorship;Hong Kong Economic Area;Hong Kong Economic Area;Hong Kong Economic Area;;;;;;;;;;;x;,,,,,,,,,,,,,,
HOG_presidential_dictatorship;Hong Kong Economic Area;Hong Kong Economic Area;Hong Kong Economic Area;;;;;;;;;;;x;,,,,,,,,,,,,,,
HOG_bourgeois_dictatorship;Hong Kong Economic Area;Hong Kong Economic Area;Hong Kong Economic Area;;;;;;;;;;;x;,,,,,,,,,,,,,,
HOG_fascist_dictatorship;Hong Kong Economic Area;Hong Kong Economic Area;Hong Kong Economic Area;;;;;;;;;;;x;,,,,,,,,,,,,,,
HOG_absolute_monarchy;Hong Kong Economic Area;Hong Kong Economic Area;Hong Kong Economic Area;;;;;;;;;;;x;,,,,,,,,,,,,,,
HOG_prussian_constitutionalism;Hong Kong Economic Area;Hong Kong Economic Area;Hong Kong Economic Area;;;;;;;;;;;x;,,,,,,,,,,,,,,
HOG_hms_government;Hong Kong Economic Area;Hong Kong Economic Area;Hong Kong Economic Area;;;;;;;;;;;x;,,,,,,,,,,,,,,
HOG_democracy;Hong Kong Economic Area;Hong Kong Economic Area;Hong Kong Economic Area;;;;;;;;;;;x;,,,,,,,,,,,,,,
HOG_conservative_92;Conservatives;Conservatives;Conservatives;;;;;;;;;;;x;,,,,,,,,,,,,,,
HOG_liberal_79;Liberals;Liberals;Liberals;;;;;;;;;;;x;,,,,,,,,,,,,,,
HOG_liberal_87;National Liberals;National Liberals;National Liberals;;;;;;;;;;;x;,,,,,,,,,,,,,,
HOG_socialist_84;Socialists;Socialists;Socialists;;;;;;;;;;;x;,,,,,,,,,,,,,,
HOG_socialist_98;National Socialists;National Socialists;National Socialists;;;;;;;;;;;x;,,,,,,,,,,,,,,
HOG_reactionary_83;Monarchy Leadership;Monarchy Leadership;Monarchy Leadership;;;;;;;;;;;x;,,,,,,,,,,,,,,
HOG_anarcho_liberal_93;Radical Liberals;Radical Liberals;Radical Liberals;;;;;;;;;;;x;,,,,,,,,,,,,,,
HOG_communist_86;Communists;Communists;Communists;;;;;;;;;;;x;,,,,,,,,,,,,,,
HOG_fascist_71;Fascists;Fascists;Fascists;;;;;;;;;;;x;,,,,,,,,,,,,,,
HUA_ADJ;Chinese;Chinese;Chinese;;;;;;;;;;;x;,,,,,,,,,,,,,,
HUA;Huaian Economic Area;Huaian Economic Area;Huaian Economic Area;;;;;;;;;;;x;,,,,,,,,,,,,,,
HUA_proletarian_dictatorship;Huaian Economic Area;Huaian Economic Area;Huaian Economic Area;;;;;;;;;;;x;,,,,,,,,,,,,,,
HUA_presidential_dictatorship;Huaian Economic Area;Huaian Economic Area;Huaian Economic Area;;;;;;;;;;;x;,,,,,,,,,,,,,,
HUA_bourgeois_dictatorship;Huaian Economic Area;Huaian Economic Area;Huaian Economic Area;;;;;;;;;;;x;,,,,,,,,,,,,,,
HUA_fascist_dictatorship;Huaian Economic Area;Huaian Economic Area;Huaian Economic Area;;;;;;;;;;;x;,,,,,,,,,,,,,,
HUA_absolute_monarchy;Huaian Economic Area;Huaian Economic Area;Huaian Economic Area;;;;;;;;;;;x;,,,,,,,,,,,,,,
HUA_prussian_constitutionalism;Huaian Economic Area;Huaian Economic Area;Huaian Economic Area;;;;;;;;;;;x;,,,,,,,,,,,,,,
HUA_hms_government;Huaian Economic Area;Huaian Economic Area;Huaian Economic Area;;;;;;;;;;;x;,,,,,,,,,,,,,,
HUA_democracy;Huaian Economic Area;Huaian Economic Area;Huaian Economic Area;;;;;;;;;;;x;,,,,,,,,,,,,,,
HUA_conservative_92;Conservatives;Conservatives;Conservatives;;;;;;;;;;;x;,,,,,,,,,,,,,,
HUA_liberal_79;Liberals;Liberals;Liberals;;;;;;;;;;;x;,,,,,,,,,,,,,,
HUA_liberal_87;National Liberals;National Liberals;National Liberals;;;;;;;;;;;x;,,,,,,,,,,,,,,
HUA_socialist_84;Socialists;Socialists;Socialists;;;;;;;;;;;x;,,,,,,,,,,,,,,
HUA_socialist_98;National Socialists;National Socialists;National Socialists;;;;;;;;;;;x;,,,,,,,,,,,,,,
HUA_reactionary_83;Monarchy Leadership;Monarchy Leadership;Monarchy Leadership;;;;;;;;;;;x;,,,,,,,,,,,,,,
HUA_anarcho_liberal_93;Radical Liberals;Radical Liberals;Radical Liberals;;;;;;;;;;;x;,,,,,,,,,,,,,,
HUA_communist_86;Communists;Communists;Communists;;;;;;;;;;;x;,,,,,,,,,,,,,,
HUA_fascist_71;Fascists;Fascists;Fascists;;;;;;;;;;;x;,,,,,,,,,,,,,,
MAC_ADJ;Chinese;Chinese;Chinese;;;;;;;;;;;x;,,,,,,,,,,,,,,
MAC;Macao Economic Area;Macao Economic Area;Macao Economic Area;;;;;;;;;;;x;,,,,,,,,,,,,,,
MAC_proletarian_dictatorship;Macao Economic Area;Macao Economic Area;Macao Economic Area;;;;;;;;;;;x;,,,,,,,,,,,,,,
MAC_presidential_dictatorship;Macao Economic Area;Macao Economic Area;Macao Economic Area;;;;;;;;;;;x;,,,,,,,,,,,,,,
MAC_bourgeois_dictatorship;Macao Economic Area;Macao Economic Area;Macao Economic Area;;;;;;;;;;;x;,,,,,,,,,,,,,,
MAC_fascist_dictatorship;Macao Economic Area;Macao Economic Area;Macao Economic Area;;;;;;;;;;;x;,,,,,,,,,,,,,,
MAC_absolute_monarchy;Macao Economic Area;Macao Economic Area;Macao Economic Area;;;;;;;;;;;x;,,,,,,,,,,,,,,
MAC_prussian_constitutionalism;Macao Economic Area;Macao Economic Area;Macao Economic Area;;;;;;;;;;;x;,,,,,,,,,,,,,,
MAC_hms_government;Macao Economic Area;Macao Economic Area;Macao Economic Area;;;;;;;;;;;x;,,,,,,,,,,,,,,
MAC_democracy;Macao Economic Area;Macao Economic Area;Macao Economic Area;;;;;;;;;;;x;,,,,,,,,,,,,,,
MAC_conservative_92;Conservatives;Conservatives;Conservatives;;;;;;;;;;;x;,,,,,,,,,,,,,,
MAC_liberal_79;Liberals;Liberals;Liberals;;;;;;;;;;;x;,,,,,,,,,,,,,,
MAC_liberal_87;National Liberals;National Liberals;National Liberals;;;;;;;;;;;x;,,,,,,,,,,,,,,
MAC_socialist_84;Socialists;Socialists;Socialists;;;;;;;;;;;x;,,,,,,,,,,,,,,
MAC_socialist_98;National Socialists;National Socialists;National Socialists;;;;;;;;;;;x;,,,,,,,,,,,,,,
MAC_reactionary_83;Monarchy Leadership;Monarchy Leadership;Monarchy Leadership;;;;;;;;;;;x;,,,,,,,,,,,,,,
MAC_anarcho_liberal_93;Radical Liberals;Radical Liberals;Radical Liberals;;;;;;;;;;;x;,,,,,,,,,,,,,,
MAC_communist_86;Communists;Communists;Communists;;;;;;;;;;;x;,,,,,,,,,,,,,,
MAC_fascist_71;Fascists;Fascists;Fascists;;;;;;;;;;;x;,,,,,,,,,,,,,,
NIN_ADJ;Chinese;Chinese;Chinese;;;;;;;;;;;x;,,,,,,,,,,,,,,
NIN;Ningbo Economic Area;Ningbo Economic Area;Ningbo Economic Area;;;;;;;;;;;x;,,,,,,,,,,,,,,
NIN_proletarian_dictatorship;Ningbo Economic Area;Ningbo Economic Area;Ningbo Economic Area;;;;;;;;;;;x;,,,,,,,,,,,,,,
NIN_presidential_dictatorship;Ningbo Economic Area;Ningbo Economic Area;Ningbo Economic Area;;;;;;;;;;;x;,,,,,,,,,,,,,,
NIN_bourgeois_dictatorship;Ningbo Economic Area;Ningbo Economic Area;Ningbo Economic Area;;;;;;;;;;;x;,,,,,,,,,,,,,,
NIN_fascist_dictatorship;Ningbo Economic Area;Ningbo Economic Area;Ningbo Economic Area;;;;;;;;;;;x;,,,,,,,,,,,,,,
NIN_absolute_monarchy;Ningbo Economic Area;Ningbo Economic Area;Ningbo Economic Area;;;;;;;;;;;x;,,,,,,,,,,,,,,
NIN_prussian_constitutionalism;Ningbo Economic Area;Ningbo Economic Area;Ningbo Economic Area;;;;;;;;;;;x;,,,,,,,,,,,,,,
NIN_hms_government;Ningbo Economic Area;Ningbo Economic Area;Ningbo Economic Area;;;;;;;;;;;x;,,,,,,,,,,,,,,
NIN_democracy;Ningbo Economic Area;Ningbo Economic Area;Ningbo Economic Area;;;;;;;;;;;x;,,,,,,,,,,,,,,
NIN_conservative_92;Conservatives;Conservatives;Conservatives;;;;;;;;;;;x;,,,,,,,,,,,,,,
NIN_liberal_79;Liberals;Liberals;Liberals;;;;;;;;;;;x;,,,,,,,,,,,,,,
NIN_liberal_87;National Liberals;National Liberals;National Liberals;;;;;;;;;;;x;,,,,,,,,,,,,,,
NIN_socialist_84;Socialists;Socialists;Socialists;;;;;;;;;;;x;,,,,,,,,,,,,,,
NIN_socialist_98;National Socialists;National Socialists;National Socialists;;;;;;;;;;;x;,,,,,,,,,,,,,,
NIN_reactionary_83;Monarchy Leadership;Monarchy Leadership;Monarchy Leadership;;;;;;;;;;;x;,,,,,,,,,,,,,,
NIN_anarcho_liberal_93;Radical Liberals;Radical Liberals;Radical Liberals;;;;;;;;;;;x;,,,,,,,,,,,,,,
NIN_communist_86;Communists;Communists;Communists;;;;;;;;;;;x;,,,,,,,,,,,,,,
NIN_fascist_71;Fascists;Fascists;Fascists;;;;;;;;;;;x;,,,,,,,,,,,,,,
QIN_ADJ;Chinese;Chinese;Chinese;;;;;;;;;;;x;,,,,,,,,,,,,,,
QIN;Weihaiwai Economic Area;Weihaiwai Economic Area;Weihaiwai Economic Area;;;;;;;;;;;x;,,,,,,,,,,,,,,
QIN_proletarian_dictatorship;Weihaiwai Economic Area;Weihaiwai Economic Area;Weihaiwai Economic Area;;;;;;;;;;;x;,,,,,,,,,,,,,,
QIN_presidential_dictatorship;Weihaiwai Economic Area;Weihaiwai Economic Area;Weihaiwai Economic Area;;;;;;;;;;;x;,,,,,,,,,,,,,,
QIN_bourgeois_dictatorship;Weihaiwai Economic Area;Weihaiwai Economic Area;Weihaiwai Economic Area;;;;;;;;;;;x;,,,,,,,,,,,,,,
QIN_fascist_dictatorship;Weihaiwai Economic Area;Weihaiwai Economic Area;Weihaiwai Economic Area;;;;;;;;;;;x;,,,,,,,,,,,,,,
QIN_absolute_monarchy;Weihaiwai Economic Area;Weihaiwai Economic Area;Weihaiwai Economic Area;;;;;;;;;;;x;,,,,,,,,,,,,,,
QIN_prussian_constitutionalism;Weihaiwai Economic Area;Weihaiwai Economic Area;Weihaiwai Economic Area;;;;;;;;;;;x;,,,,,,,,,,,,,,
QIN_hms_government;Weihaiwai Economic Area;Weihaiwai Economic Area;Weihaiwai Economic Area;;;;;;;;;;;x;,,,,,,,,,,,,,,
QIN_democracy;Weihaiwai Economic Area;Weihaiwai Economic Area;Weihaiwai Economic Area;;;;;;;;;;;x;,,,,,,,,,,,,,,
QIN_conservative_92;Conservatives;Conservatives;Conservatives;;;;;;;;;;;x;,,,,,,,,,,,,,,
QIN_liberal_79;Liberals;Liberals;Liberals;;;;;;;;;;;x;,,,,,,,,,,,,,,
QIN_liberal_87;National Liberals;National Liberals;National Liberals;;;;;;;;;;;x;,,,,,,,,,,,,,,
QIN_socialist_84;Socialists;Socialists;Socialists;;;;;;;;;;;x;,,,,,,,,,,,,,,
QIN_socialist_98;National Socialists;National Socialists;National Socialists;;;;;;;;;;;x;,,,,,,,,,,,,,,
QIN_reactionary_83;Monarchy Leadership;Monarchy Leadership;Monarchy Leadership;;;;;;;;;;;x;,,,,,,,,,,,,,,
QIN_anarcho_liberal_93;Radical Liberals;Radical Liberals;Radical Liberals;;;;;;;;;;;x;,,,,,,,,,,,,,,
QIN_communist_86;Communists;Communists;Communists;;;;;;;;;;;x;,,,,,,,,,,,,,,
QIN_fascist_71;Fascists;Fascists;Fascists;;;;;;;;;;;x;,,,,,,,,,,,,,,
QNG_ADJ;Chinese;Chinese;Chinese;;;;;;;;;;;x;,,,,,,,,,,,,,,
QNG;Qingdao Economic Area;Qingdao Economic Area;Qingdao Economic Area;;;;;;;;;;;x;,,,,,,,,,,,,,,
QNG_proletarian_dictatorship;Qingdao Economic Area;Qingdao Economic Area;Qingdao Economic Area;;;;;;;;;;;x;,,,,,,,,,,,,,,
QNG_presidential_dictatorship;Qingdao Economic Area;Qingdao Economic Area;Qingdao Economic Area;;;;;;;;;;;x;,,,,,,,,,,,,,,
QNG_bourgeois_dictatorship;Qingdao Economic Area;Qingdao Economic Area;Qingdao Economic Area;;;;;;;;;;;x;,,,,,,,,,,,,,,
QNG_fascist_dictatorship;Qingdao Economic Area;Qingdao Economic Area;Qingdao Economic Area;;;;;;;;;;;x;,,,,,,,,,,,,,,
QNG_absolute_monarchy;Qingdao Economic Area;Qingdao Economic Area;Qingdao Economic Area;;;;;;;;;;;x;,,,,,,,,,,,,,,
QNG_prussian_constitutionalism;Qingdao Economic Area;Qingdao Economic Area;Qingdao Economic Area;;;;;;;;;;;x;,,,,,,,,,,,,,,
QNG_hms_government;Qingdao Economic Area;Qingdao Economic Area;Qingdao Economic Area;;;;;;;;;;;x;,,,,,,,,,,,,,,
QNG_democracy;Qingdao Economic Area;Qingdao Economic Area;Qingdao Economic Area;;;;;;;;;;;x;,,,,,,,,,,,,,,
QNG_conservative_92;Conservatives;Conservatives;Conservatives;;;;;;;;;;;x;,,,,,,,,,,,,,,
QNG_liberal_79;Liberals;Liberals;Liberals;;;;;;;;;;;x;,,,,,,,,,,,,,,
QNG_liberal_87;National Liberals;National Liberals;National Liberals;;;;;;;;;;;x;,,,,,,,,,,,,,,
QNG_socialist_84;Socialists;Socialists;Socialists;;;;;;;;;;;x;,,,,,,,,,,,,,,
QNG_socialist_98;National Socialists;National Socialists;National Socialists;;;;;;;;;;;x;,,,,,,,,,,,,,,
QNG_reactionary_83;Monarchy Leadership;Monarchy Leadership;Monarchy Leadership;;;;;;;;;;;x;,,,,,,,,,,,,,,
QNG_anarcho_liberal_93;Radical Liberals;Radical Liberals;Radical Liberals;;;;;;;;;;;x;,,,,,,,,,,,,,,
QNG_communist_86;Communists;Communists;Communists;;;;;;;;;;;x;,,,,,,,,,,,,,,
QNG_fascist_71;Fascists;Fascists;Fascists;;;;;;;;;;;x;,,,,,,,,,,,,,,
SHA_ADJ;Chinese;Chinese;Chinese;;;;;;;;;;;x;,,,,,,,,,,,,,,
SHA;Shanghai Economic Area;Shanghai Economic Area;Shanghai Economic Area;;;;;;;;;;;x;,,,,,,,,,,,,,,
SHA_proletarian_dictatorship;Shanghai Economic Area;Shanghai Economic Area;Shanghai Economic Area;;;;;;;;;;;x;,,,,,,,,,,,,,,
SHA_presidential_dictatorship;Shanghai Economic Area;Shanghai Economic Area;Shanghai Economic Area;;;;;;;;;;;x;,,,,,,,,,,,,,,
SHA_bourgeois_dictatorship;Shanghai Economic Area;Shanghai Economic Area;Shanghai Economic Area;;;;;;;;;;;x;,,,,,,,,,,,,,,
SHA_fascist_dictatorship;Shanghai Economic Area;Shanghai Economic Area;Shanghai Economic Area;;;;;;;;;;;x;,,,,,,,,,,,,,,
SHA_absolute_monarchy;Shanghai Economic Area;Shanghai Economic Area;Shanghai Economic Area;;;;;;;;;;;x;,,,,,,,,,,,,,,
SHA_prussian_constitutionalism;Shanghai Economic Area;Shanghai Economic Area;Shanghai Economic Area;;;;;;;;;;;x;,,,,,,,,,,,,,,
SHA_hms_government;Shanghai Economic Area;Shanghai Economic Area;Shanghai Economic Area;;;;;;;;;;;x;,,,,,,,,,,,,,,
SHA_democracy;Shanghai Economic Area;Shanghai Economic Area;Shanghai Economic Area;;;;;;;;;;;x;,,,,,,,,,,,,,,
SHA_conservative_92;Conservatives;Conservatives;Conservatives;;;;;;;;;;;x;,,,,,,,,,,,,,,
SHA_liberal_79;Liberals;Liberals;Liberals;;;;;;;;;;;x;,,,,,,,,,,,,,,
SHA_liberal_87;National Liberals;National Liberals;National Liberals;;;;;;;;;;;x;,,,,,,,,,,,,,,
SHA_socialist_84;Socialists;Socialists;Socialists;;;;;;;;;;;x;,,,,,,,,,,,,,,
SHA_socialist_98;National Socialists;National Socialists;National Socialists;;;;;;;;;;;x;,,,,,,,,,,,,,,
SHA_reactionary_83;Monarchy Leadership;Monarchy Leadership;Monarchy Leadership;;;;;;;;;;;x;,,,,,,,,,,,,,,
SHA_anarcho_liberal_93;Radical Liberals;Radical Liberals;Radical Liberals;;;;;;;;;;;x;,,,,,,,,,,,,,,
SHA_communist_86;Communists;Communists;Communists;;;;;;;;;;;x;,,,,,,,,,,,,,,
SHA_fascist_71;Fascists;Fascists;Fascists;;;;;;;;;;;x;,,,,,,,,,,,,,,
TIA_ADJ;Chinese;Chinese;Chinese;;;;;;;;;;;x;,,,,,,,,,,,,,,
TIA;Port Arthur Economic Area;Port Arthur Economic Area;Port Arthur Economic Area;;;;;;;;;;;x;,,,,,,,,,,,,,,
TIA_proletarian_dictatorship;Port Arthur Economic Area;Port Arthur Economic Area;Port Arthur Economic Area;;;;;;;;;;;x;,,,,,,,,,,,,,,
TIA_presidential_dictatorship;Port Arthur Economic Area;Port Arthur Economic Area;Port Arthur Economic Area;;;;;;;;;;;x;,,,,,,,,,,,,,,
TIA_bourgeois_dictatorship;Port Arthur Economic Area;Port Arthur Economic Area;Port Arthur Economic Area;;;;;;;;;;;x;,,,,,,,,,,,,,,
TIA_fascist_dictatorship;Port Arthur Economic Area;Port Arthur Economic Area;Port Arthur Economic Area;;;;;;;;;;;x;,,,,,,,,,,,,,,
TIA_absolute_monarchy;Port Arthur Economic Area;Port Arthur Economic Area;Port Arthur Economic Area;;;;;;;;;;;x;,,,,,,,,,,,,,,
TIA_prussian_constitutionalism;Port Arthur Economic Area;Port Arthur Economic Area;Port Arthur Economic Area;;;;;;;;;;;x;,,,,,,,,,,,,,,
TIA_hms_government;Port Arthur Economic Area;Port Arthur Economic Area;Port Arthur Economic Area;;;;;;;;;;;x;,,,,,,,,,,,,,,
TIA_democracy;Port Arthur Economic Area;Port Arthur Economic Area;Port Arthur Economic Area;;;;;;;;;;;x;,,,,,,,,,,,,,,
TIA_conservative_92;Conservatives;Conservatives;Conservatives;;;;;;;;;;;x;,,,,,,,,,,,,,,
TIA_liberal_79;Liberals;Liberals;Liberals;;;;;;;;;;;x;,,,,,,,,,,,,,,
TIA_liberal_87;National Liberals;National Liberals;National Liberals;;;;;;;;;;;x;,,,,,,,,,,,,,,
TIA_socialist_84;Socialists;Socialists;Socialists;;;;;;;;;;;x;,,,,,,,,,,,,,,
TIA_socialist_98;National Socialists;National Socialists;National Socialists;;;;;;;;;;;x;,,,,,,,,,,,,,,
TIA_reactionary_83;Monarchy Leadership;Monarchy Leadership;Monarchy Leadership;;;;;;;;;;;x;,,,,,,,,,,,,,,
TIA_anarcho_liberal_93;Radical Liberals;Radical Liberals;Radical Liberals;;;;;;;;;;;x;,,,,,,,,,,,,,,
TIA_communist_86;Communists;Communists;Communists;;;;;;;;;;;x;,,,,,,,,,,,,,,
TIA_fascist_71;Fascists;Fascists;Fascists;;;;;;;;;;;x;,,,,,,,,,,,,,,
WEN_ADJ;Chinese;Chinese;Chinese;;;;;;;;;;;x;,,,,,,,,,,,,,,
WEN;Port Arthur Economic Area;Port Arthur Economic Area;Port Arthur Economic Area;;;;;;;;;;;x;,,,,,,,,,,,,,,
WEN_proletarian_dictatorship;Port Arthur Economic Area;Port Arthur Economic Area;Port Arthur Economic Area;;;;;;;;;;;x;,,,,,,,,,,,,,,
WEN_presidential_dictatorship;Port Arthur Economic Area;Port Arthur Economic Area;Port Arthur Economic Area;;;;;;;;;;;x;,,,,,,,,,,,,,,
WEN_bourgeois_dictatorship;Port Arthur Economic Area;Port Arthur Economic Area;Port Arthur Economic Area;;;;;;;;;;;x;,,,,,,,,,,,,,,
WEN_fascist_dictatorship;Port Arthur Economic Area;Port Arthur Economic Area;Port Arthur Economic Area;;;;;;;;;;;x;,,,,,,,,,,,,,,
WEN_absolute_monarchy;Port Arthur Economic Area;Port Arthur Economic Area;Port Arthur Economic Area;;;;;;;;;;;x;,,,,,,,,,,,,,,
WEN_prussian_constitutionalism;Port Arthur Economic Area;Port Arthur Economic Area;Port Arthur Economic Area;;;;;;;;;;;x;,,,,,,,,,,,,,,
WEN_hms_government;Port Arthur Economic Area;Port Arthur Economic Area;Port Arthur Economic Area;;;;;;;;;;;x;,,,,,,,,,,,,,,
WEN_democracy;Port Arthur Economic Area;Port Arthur Economic Area;Port Arthur Economic Area;;;;;;;;;;;x;,,,,,,,,,,,,,,
WEN_conservative_92;Conservatives;Conservatives;Conservatives;;;;;;;;;;;x;,,,,,,,,,,,,,,
WEN_liberal_79;Liberals;Liberals;Liberals;;;;;;;;;;;x;,,,,,,,,,,,,,,
WEN_liberal_87;National Liberals;National Liberals;National Liberals;;;;;;;;;;;x;,,,,,,,,,,,,,,
WEN_socialist_84;Socialists;Socialists;Socialists;;;;;;;;;;;x;,,,,,,,,,,,,,,
WEN_socialist_98;National Socialists;National Socialists;National Socialists;;;;;;;;;;;x;,,,,,,,,,,,,,,
WEN_reactionary_83;Monarchy Leadership;Monarchy Leadership;Monarchy Leadership;;;;;;;;;;;x;,,,,,,,,,,,,,,
WEN_anarcho_liberal_93;Radical Liberals;Radical Liberals;Radical Liberals;;;;;;;;;;;x;,,,,,,,,,,,,,,
WEN_communist_86;Communists;Communists;Communists;;;;;;;;;;;x;,,,,,,,,,,,,,,
WEN_fascist_71;Fascists;Fascists;Fascists;;;;;;;;;;;x;,,,,,,,,,,,,,,
EVTNAME499000;Japanese Korea;;;;;;;;;;;x;,,,,,,,,,,,,,,
EVTDESC499000;§YThis is an event that will state Korea for you!§!;;;;;;;;;;;x;,,,,,,,,,,,,,,
EVTOPTA499000;§GDelightful!§!;;;;;;;;;;;x;,,,,,,,,,,,,,,
AUS_774;Dalmatia;;;;;;;;;;;;;;x,,,,,,,,,,,,,,
AUS_771;Slavonia;;;;;;;;;;;;;;x,,,,,,,,,,,,,,
interwar_troops;Interwar Troops;;;;;;;;;;;;;;x,,,,,,,,,,,,,,
show_extra_decisions_title;§GShow Extra Utility Decisions§!;;;;;;;;;;;;;;;;;;;;;;;;;x;;;;;;;;;;;;;;;;;,,,,,,,,,,,,,,
show_extra_decisions_desc;Clicking this decision will show all extra utility decisions;;;;;;;;;;;;;;;;;;;;;;;;;x;;;;;;;;;;;;;;;;;,,,,,,,,,,,,,,
hide_extra_decisions_title;§GHide Extra Utility Decisions§!;;;;;;;;;;;;;;;;;;;;;;;;;x;;;;;;;;;;;;;;;;;,,,,,,,,,,,,,,
hide_extra_decisions_desc;Clicking this decision will hide all extra utility decisions;;;;;;;;;;;;;;;;;;;;;;;;;x;;;;;;;;;;;;;;;;;,,,,,,,,,,,,,,
#Credit to Zombie Freak for the Fake War decision;;;;;;;;;;;;;;x,,,,,,,,,,,,,,
start_fake_war_title;§YTake Direct Control over Puppet Units§!;;;;;;;;;;;;;;x,,,,,,,,,,,,,,
start_fake_war_desc;Use this decision to declare a 'fake' war with an invisible country to allow you to take control of puppet units in peacetime;;;;;;;;;;;;x,,,,,,,,,,,,,,
end_fake_war_title;§YReturn Control of Puppet Units§!;;;;;;;;;;;;;;x,,,,,,,,,,,,,,
end_fake_war_desc;Ends the 'fake' war and thus relinquishes your control of the puppets.;;;;;;;;;;;;;;x,,,,,,,,,,,,,,
JAP;Japan;;;;;;;;;;;;;,,,,,,,,,,,,,,
JAP_absolute_monarchy;Empire of Japan;;;;;;;;;;;;;,,,,,,,,,,,,,,
JAP_prussian_constitutionalism;Empire of Japan;;;;;;;;;;;;;,,,,,,,,,,,,,,
JAP_hms_government;Empire of Japan;;;;;;;;;;;;;,,,,,,,,,,,,,,
JAP_democracy;Republic of Japan;;;;;;;;;;;;;,,,,,,,,,,,,,,
FRA;France;;;;;;;;;;;;;,,,,,,,,,,,,,,
FRA_absolute_monarchy;French Empire;;;;;;;;;;;;;,,,,,,,,,,,,,,
FRA_prussian_constitutionalism;Kingdom of France;;;;;;;;;;;;;,,,,,,,,,,,,,,
FRA_hms_government;Kingdom of France;;;;;;;;;;;;;,,,,,,,,,,,,,,
FRA_semi_constitutional_monarchy;Kingdom of France;;;;;;;;;;;;;,,,,,,,,,,,,,,
FRA_constitutional_monarchy;Kingdom of France;;;;;;;;;;;;;,,,,,,,,,,,,,,
FRA_democracy;French Republic;;;;;;;;;;;;;,,,,,,,,,,,,,,
FRA_presidential_dictatorship;French Republic;;;;;;;;;;;;;,,,,,,,,,,,,,,
SPA;Spain;;;;;;;;;;;;;,,,,,,,,,,,,,,
SPA_absolute_monarchy;Kingdom of Spain;;;;;;;;;;;;;,,,,,,,,,,,,,,
SPA_prussian_constitutionalism;Kingdom of Spain;;;;;;;;;;;;;,,,,,,,,,,,,,,
SPA_hms_government;Kingdom of Spain;;;;;;;;;;;;;,,,,,,,,,,,,,,
SPA_democracy;Spanish Republic;;;;;;;;;;;;;,,,,,,,,,,,,,,
SPA_presidential_dictatorship;Spanish Republic;;;;;;;;;;;;;,,,,,,,,,,,,,,
GER;Germany;;;;;;;;;;;;;,,,,,,,,,,,,,,
GER_absolute_monarchy;German Empire;;;;;;;;;;;;;,,,,,,,,,,,,,,
GER_prussian_constitutionalism;German Empire;;;;;;;;;;;;;,,,,,,,,,,,,,,
GER_hms_government;German Empire;;;;;;;;;;;;;,,,,,,,,,,,,,,
GER_fascist_dictatorship;German Reich;;;;;;;;;;;;;,,,,,,,,,,,,,,
GER_proletarian_dictatorship;German Democratic Republic;;;;;;;;;;;;;,,,,,,,,,,,,,,
GER_democracy;German Republic;;;;;;;;;;;;;,,,,,,,,,,,,,,
GER_presidential_dictatorship;German Reich;;;;;;;;;;;;;,,,,,,,,,,,,,,
AUS;Austria;;;;;;;;;;;;;,,,,,,,,,,,,,,
AUS_absolute_monarchy;Austrian Empire;;;;;;;;;;;;;,,,,,,,,,,,,,,
AUS_prussian_constitutionalism;Austrian Empire;;;;;;;;;;;;;,,,,,,,,,,,,,,
AUS_hms_government;Austrian Empire;;;;;;;;;;;;;,,,,,,,,,,,,,,
AUS_semi_constitutional_monarchy;Austrian Empire;;;;;;;;;;;;;,,,,,,,,,,,,,,
AUS_constitutional_monarchy;Austrian Empire;;;;;;;;;;;;;,,,,,,,,,,,,,,
RUS;Russia;;;;;;;;;;;;;,,,,,,,,,,,,,,
RUS_absolute_monarchy;Russian Empire;;;;;;;;;;;;;,,,,,,,,,,,,,,
RUS_prussian_constitutionalism;Russian Empire;;;;;;;;;;;;;,,,,,,,,,,,,,,
RUS_hms_government;Russian Empire;;;;;;;;;;;;;,,,,,,,,,,,,,,
RUS_fascist_dictatorship;Russian National State;;;;;;;;;;;;;,,,,,,,,,,,,,,
RUS_proletarian_dictatorship;Soviet Union;;;;;;;;;;;;;,,,,,,,,,,,,,,
RUS_democracy;Russian Republic;;;;;;;;;;;;;,,,,,,,,,,,,,,
RUS_presidential_dictatorship;Russian Federation;;;;;;;;;;;;;,,,,,,,,,,,,,,
ITA;Italy;;;;;;;;;;;;;,,,,,,,,,,,,,,
ITA_absolute_monarchy;Kingdom of Italy;;;;;;;;;;;;;,,,,,,,,,,,,,,
ITA_prussian_constitutionalism;Kingdom of Italy;;;;;;;;;;;;;,,,,,,,,,,,,,,
ITA_hms_government;Kingdom of Italy;;;;;;;;;;;;;,,,,,,,,,,,,,,
ITA_semi_constitutional_monarchy;Kingdom of Italy;;;;;;;;;;;;;,,,,,,,,,,,,,,
ITA_constitutional_monarchy;Kingdom of Italy;;;;;;;;;;;;;,,,,,,,,,,,,,,
ITA_fascist_dictatorship;Italian Social Republic;;;;;;;;;;;;;,,,,,,,,,,,,,,
ITA_democracy;Italian Republic;;;;;;;;;;;;;,,,,,,,,,,,,,,
ITA_presidential_dictatorship;Italian Republic;;;;;;;;;;;;;,,,,,,,,,,,,,,
GRE;Greece;;;;;;;;;;;;;,,,,,,,,,,,,,,
GRE_absolute_monarchy;Kingdom of Greece;;;;;;;;;;;;;,,,,,,,,,,,,,,
GRE_prussian_constitutionalism;Kingdom of Greece;;;;;;;;;;;;;,,,,,,,,,,,,,,
GRE_hms_government;Kingdom of Greece;;;;;;;;;;;;;,,,,,,,,,,,,,,
GRE_semi_constitutional_monarchy;Kingdom of Greece;;;;;;;;;;;;;,,,,,,,,,,,,,,
GRE_constitutional_monarchy;Kingdom of Greece;;;;;;;;;;;;;,,,,,,,,,,,,,,
GRE_fascist_dictatorship;Hellenic State;;;;;;;;;;;;;,,,,,,,,,,,,,,
GRE_proletarian_dictatorship;Greek SR;;;;;;;;;;;;;,,,,,,,,,,,,,,
GRE_democracy;Hellenic Republic;;;;;;;;;;;;;,,,,,,,,,,,,,,
GRE_presidential_dictatorship;Hellenic Republic;;;;;;;;;;;;;,,,,,,,,,,,,,,
vassal_tax;Levy Taxes;;;;;;;;;;;;;x,,,,,,,,,,,,,,
vassal_tax_desc;Force another §Ycountry§W to pay taxes to us;;;;;;;;;;;;;x,,,,,,,,,,,,,,
vassal_tax_short;Make $RECIPIENT$ pay taxes;;;;;;;;;;;;;x,,,,,,,,,,,,,,
vassal_tax_setup;Make $RECIPIENT$ pay taxes;;;;;;;;;;;;;x,,,,,,,,,,,,,,
NORMAL_VASSAL_TAX_WAR_NAME;$SECOND_COUNTRY$ Pays Tribute to the $FIRST$;;;;;;;;;;;;;;;;;;;;x,,,,,,,,,,,,,,
AGRESSION_VASSAL_TAX_WAR_NAME;$SECOND_COUNTRY$ Pays Tribute to the $FIRST$;;;;;;;;;;;;;;;;;;;;x,,,,,,,,,,,,,,
taxing_eic;Indian Tax;;;;;;;;;;;;;x,,,,,,,,,,,,,,
taxing_eic_desc;When this timer runs out we can use the 'Levy Indian Taxes' decision.;;;;;;;;;;;;;x,,,,,,,,,,,,,,
give_eic;Gave India Money;;;;;;;;;;;;;x,,,,,,,,,,,,,,
give_eic_desc;When this timer runs out we can use the 'Give India Money' decision.;;;;;;;;;;;;;x,,,,,,,,,,,,,,
tax_eic_title;§YLevy Taxes on India§!;;;;;;;;;;;;;x,,,,,,,,,,,,,,
tax_eic_desc;This decision will trigger a war using the Levy Taxes casus belli against our Indian puppet and instantly occupy all of their land in order to force them to surrender. The Levy Taxes casus belli adds war reparations and forces the target nation to become our puppet again.;;;;;;;;;;;;;x,,,,,,,,,,,,,,
give_india_money_title;§YGive India Money§!;;;;;;;;;;;;;x,,,,,,,,,,,,,,
give_india_money_desc;This decision will give India ¤50,000 from you. §GReccomended to do this while India is at war so it can buy goods if it has no money!§!;;;;;;;;;;;;;;;;;;;;x,,,,,,,,,,,,,
eugen_von_böhm_bawerk;Eugen Von Böhm Bawerk,,,,,,,,,,,,,,
léon_walras;Léon Walras,,,,,,,,,,,,,,
johann_heinrich_von_thünen;Johann Heinrich Von Thünen,,,,,,,,,,,,,,
jean_jaurès;Jean Jaurès,,,,,,,,,,,,,,
EVTNAME499002;Korea information ;;;;;;;;;;;x;,,,,,,,,,,,,,,
EVTDESC499002;This event exists to tell you that if you conquer Korea. An event/decision chain will fire that will give you it as states!;;;;;;;;;;;x;,,,,,,,,,,,,,,
EVTOPTA499002;§GDelightful!§!;;;;;;;;;;;x;,,,,,,,,,,,,,,
